{
  "num_sequences": 100,
  "repetition_score": 0.4348372291005337,
  "utility_score": 0.6071069873869419,
  "diversity_pid": 32.47772766660335
}