{
  "num_sequences": 100,
  "repetition_score": 0.4403964440225373,
  "utility_score": 0.6284886455535889,
  "diversity_pid": 24.912795639992027
}