{
  "num_sequences": 100,
  "repetition_score": 0.4393025268780581,
  "utility_score": 0.6081030058860779,
  "diversity_pid": 26.311142927590897
}