{
  "num_sequences": 100,
  "repetition_score": 0.4185941331613944,
  "utility_score": 0.5976415149867534,
  "diversity_pid": 29.9303117537869
}