{
  "num_sequences": 100,
  "repetition_score": 0.4313015320314035,
  "utility_score": 0.5807488240301609,
  "diversity_pid": 33.070257665941234
}