{
  "num_sequences": 3,
  "repetition_score": 0.9289945699513159,
  "utility_score": 0.7189226150512695,
  "diversity_pid": 19.466756476102272
}